posn_id,posn_type,city,dept,div
P595078,Analyst,Chicago,Research,R0
P805891,Engineer,Boston,Logistics,L1
P323716,Officer,Chicago,Research,R1
P583453,Analyst,Chicago,Logistics,L0
P794502,Officer,Boston,Logistics,L2
P946465,Analyst,Chicago,Logistics,L2
P933570,Officer,Boston,Logistics,L0
P592466,Engineer,Boston,Research,R1
P809397,Engineer,Boston,Research,R2
P449602,Engineer,Boston,Logistics,L2
P116690,Officer,Chicago,Logistics,L2
P410033,Engineer,Boston,Logistics,L0
P411927,Analyst,Boston,Logistics,L0
P724605,Analyst,Chicago,Logistics,L1
P253894,Officer,Boston,Research,R1
P182139,Engineer,Boston,Research,R0
P900950,Engineer,Boston,Research,R0
P938430,Analyst,Boston,Research,R2
P507560,Engineer,Boston,Logistics,L2
P119547,Engineer,Chicago,Research,R2
P505055,Engineer,Boston,Logistics,L0
P358032,Engineer,Chicago,Logistics,L2
P309008,Officer,Chicago,Logistics,L0
P307157,Analyst,Boston,Logistics,L0
P183296,Officer,Chicago,Research,R1
P739595,Engineer,Chicago,Research,R1
P621414,Engineer,Chicago,Research,R1
P756106,Analyst,Boston,Research,R2
P762817,Analyst,Chicago,Logistics,L1
P641989,Engineer,Boston,Logistics,L0
P930793,Officer,Boston,Research,R0
P129192,Officer,Boston,Research,R1
P304595,Officer,Chicago,Research,R1
P119149,Analyst,Chicago,Logistics,L0
P666161,Officer,Boston,Research,R0
P348439,Officer,Boston,Logistics,L0
P234260,Analyst,Boston,Research,R1
P425332,Officer,Boston,Logistics,L0
P821105,Analyst,Boston,Research,R2
P920570,Engineer,Chicago,Logistics,L2
P730901,Officer,Boston,Logistics,L0
P809261,Engineer,Boston,Research,R2
P196337,Engineer,Boston,Research,R0
P649756,Officer,Boston,Research,R2
P794699,Officer,Chicago,Research,R2
P699077,Engineer,Chicago,Logistics,L0
P684270,Analyst,Boston,Research,R1
P855549,Analyst,Boston,Research,R2
P557381,Engineer,Chicago,Research,R1
P782838,Officer,Chicago,Research,R0
P719834,Officer,Chicago,Logistics,L2
P810388,Officer,Chicago,Logistics,L0
P809061,Officer,Chicago,Research,R1
P895668,Officer,Boston,Research,R1
P693301,Officer,Boston,Research,R0
P702856,Officer,Boston,Research,R1
P901811,Analyst,Boston,Research,R2
P400696,Engineer,Chicago,Research,R2
P127552,Officer,Chicago,Logistics,L0
P266059,Engineer,Chicago,Logistics,L2
P618782,Analyst,Chicago,Research,R2
P434668,Officer,Boston,Research,R1
P207030,Officer,Boston,Research,R0
P521168,Engineer,Chicago,Research,R1
P437514,Officer,Boston,Research,R2
P197746,Analyst,Boston,Research,R1
P268449,Analyst,Boston,Logistics,L0
P742504,Engineer,Boston,Research,R1
P216208,Engineer,Boston,Logistics,L1
P254029,Engineer,Chicago,Research,R1
P664561,Analyst,Boston,Research,R2
P485073,Analyst,Boston,Logistics,L1
P965573,Analyst,Chicago,Logistics,L0
P575902,Officer,Boston,Research,R2
P736273,Engineer,Boston,Logistics,L2
P562575,Officer,Boston,Logistics,L2
P289076,Officer,Boston,Research,R1
P501738,Analyst,Chicago,Logistics,L2
P382957,Engineer,Chicago,Logistics,L2
P519032,Analyst,Boston,Logistics,L1
P754698,Analyst,Chicago,Logistics,L0
P476267,Engineer,Chicago,Research,R1
P789221,Analyst,Boston,Logistics,L1
P150251,Analyst,Chicago,Research,R2
P290089,Engineer,Chicago,Logistics,L0
P545957,Officer,Chicago,Research,R1
P839502,Officer,Chicago,Research,R2
P991971,Officer,Boston,Research,R1
P195348,Officer,Boston,Research,R1
P324971,Analyst,Boston,Research,R2
P247644,Analyst,Boston,Logistics,L0
P834103,Engineer,Chicago,Research,R2
P590149,Officer,Chicago,Logistics,L2
P959730,Analyst,Boston,Logistics,L2
P476035,Analyst,Chicago,Research,R0
P412900,Engineer,Chicago,Logistics,L1
P970284,Officer,Chicago,Research,R1
P979189,Analyst,Chicago,Logistics,L2
P836264,Engineer,Chicago,Logistics,L1
P257595,Officer,Boston,Research,R1
P868691,Analyst,Boston,Logistics,L2
P398249,Officer,Chicago,Research,R1
P779303,Officer,Chicago,Research,R1
P401424,Engineer,Boston,Research,R0
P596937,Analyst,Boston,Logistics,L0
P464532,Analyst,Boston,Logistics,L2
P860773,Analyst,Boston,Research,R1
P284624,Engineer,Boston,Research,R0
P365611,Analyst,Boston,Logistics,L2
P341799,Officer,Boston,Research,R1
P600820,Engineer,Chicago,Logistics,L1
P383188,Analyst,Boston,Logistics,L0
P488857,Engineer,Boston,Research,R1
P642822,Engineer,Chicago,Logistics,L0
P169151,Analyst,Boston,Logistics,L1
P896974,Engineer,Chicago,Research,R2
P643386,Officer,Boston,Research,R1
P550647,Analyst,Boston,Research,R1
P285365,Analyst,Chicago,Logistics,L2
P804103,Engineer,Chicago,Research,R0
P786660,Analyst,Chicago,Research,R1
P467823,Officer,Chicago,Logistics,L1
P553621,Analyst,Boston,Logistics,L1
P802292,Analyst,Chicago,Research,R0
P690795,Engineer,Boston,Research,R0
P464061,Officer,Chicago,Logistics,L2
P308104,Engineer,Chicago,Research,R2
P913413,Officer,Chicago,Research,R1
P272387,Engineer,Boston,Logistics,L1
P705019,Officer,Chicago,Research,R2
P599275,Engineer,Boston,Research,R2
P203842,Analyst,Boston,Logistics,L2
P443848,Engineer,Boston,Logistics,L2
P462166,Analyst,Chicago,Logistics,L2
P438810,Analyst,Chicago,Logistics,L1
P339848,Analyst,Chicago,Logistics,L2
P242347,Analyst,Chicago,Logistics,L1
P550149,Officer,Boston,Logistics,L1
P975924,Engineer,Boston,Research,R2
P928865,Analyst,Boston,Logistics,L2
P933097,Engineer,Boston,Logistics,L1
P911340,Officer,Chicago,Research,R2
P931485,Officer,Chicago,Logistics,L0
P866576,Engineer,Boston,Research,R2
P911294,Officer,Chicago,Logistics,L1
P279898,Engineer,Chicago,Logistics,L1
P771122,Officer,Boston,Research,R2
P791499,Engineer,Chicago,Research,R2
P807891,Engineer,Boston,Research,R0
P601217,Engineer,Boston,Logistics,L0
P892527,Engineer,Boston,Logistics,L2
P972289,Analyst,Chicago,Logistics,L2
P283413,Officer,Chicago,Research,R2
P321477,Engineer,Boston,Logistics,L0
P907960,Analyst,Chicago,Research,R0
P568396,Officer,Boston,Research,R2
P718863,Officer,Boston,Research,R0
P162966,Analyst,Chicago,Research,R1
P750593,Analyst,Chicago,Logistics,L1
P186460,Analyst,Chicago,Logistics,L2
P167680,Engineer,Boston,Logistics,L2
P893103,Engineer,Boston,Research,R2
P593256,Officer,Boston,Logistics,L1
P187351,Engineer,Boston,Research,R2
P410333,Analyst,Boston,Logistics,L0
P916261,Officer,Boston,Research,R1
P696252,Engineer,Boston,Research,R2
P657423,Engineer,Chicago,Research,R2
P305814,Analyst,Boston,Logistics,L0
P711465,Officer,Chicago,Research,R1
P373660,Officer,Boston,Research,R2
P929266,Officer,Boston,Logistics,L0
P497990,Analyst,Chicago,Research,R2
P770008,Analyst,Boston,Research,R0
P779668,Officer,Chicago,Logistics,L0
P834526,Engineer,Chicago,Logistics,L1
P958174,Officer,Boston,Logistics,L0
P135989,Engineer,Boston,Research,R0
P299892,Engineer,Boston,Logistics,L2
P362604,Engineer,Chicago,Research,R1
P273033,Engineer,Boston,Logistics,L0
P114751,Engineer,Chicago,Logistics,L2
P913502,Analyst,Chicago,Research,R0
P357857,Engineer,Chicago,Logistics,L2
P380993,Analyst,Chicago,Logistics,L1
P909497,Officer,Chicago,Logistics,L1
P751173,Officer,Boston,Logistics,L0
P249871,Officer,Boston,Research,R1
P767320,Engineer,Chicago,Logistics,L1
P299006,Officer,Boston,Logistics,L1
P803325,Analyst,Boston,Logistics,L0
P128978,Analyst,Chicago,Logistics,L1
P562382,Engineer,Chicago,Research,R1
P244576,Analyst,Chicago,Research,R0
P739215,Officer,Chicago,Logistics,L2
P394485,Engineer,Chicago,Research,R0
P463101,Officer,Boston,Research,R1
P141988,Analyst,Boston,Logistics,L0
P707178,Analyst,Chicago,Logistics,L1
P443566,Engineer,Boston,Logistics,L1
P974516,Engineer,Chicago,Research,R2
P335136,Engineer,Chicago,Logistics,L2
P230361,Officer,Chicago,Logistics,L1
P701404,Officer,Chicago,Research,R1
P675292,Engineer,Boston,Logistics,L1
P342980,Analyst,Boston,Logistics,L1
P224583,Analyst,Boston,Research,R1
P728188,Analyst,Chicago,Research,R0
P199368,Analyst,Boston,Research,R0
P598572,Engineer,Chicago,Logistics,L2
P599510,Analyst,Chicago,Logistics,L1
P634710,Officer,Boston,Logistics,L0
P497298,Engineer,Chicago,Research,R2
P700549,Officer,Boston,Research,R0
P234133,Engineer,Chicago,Research,R2
P787953,Officer,Chicago,Logistics,L0
P129933,Analyst,Boston,Logistics,L2
P412718,Analyst,Chicago,Logistics,L0
P203305,Engineer,Boston,Logistics,L1
P877719,Officer,Boston,Research,R2
P716961,Analyst,Chicago,Research,R0
P529546,Analyst,Chicago,Logistics,L1
P701328,Analyst,Chicago,Logistics,L1
P257736,Analyst,Chicago,Logistics,L1
P227425,Analyst,Chicago,Research,R2
P295517,Engineer,Boston,Logistics,L1
P913974,Officer,Chicago,Research,R1
P569080,Officer,Boston,Research,R2
P472800,Engineer,Boston,Logistics,L0
P909994,Analyst,Boston,Logistics,L1
P891818,Analyst,Chicago,Research,R2
P548203,Engineer,Boston,Logistics,L0
P194603,Engineer,Boston,Logistics,L2
P322452,Analyst,Boston,Logistics,L1
P725792,Engineer,Chicago,Research,R1
P115203,Analyst,Chicago,Research,R1
P489763,Engineer,Boston,Logistics,L2
P678965,Analyst,Boston,Logistics,L2
P976459,Officer,Chicago,Research,R2
P142869,Analyst,Chicago,Logistics,L0
P593744,Engineer,Chicago,Research,R2
P697270,Analyst,Chicago,Research,R1
P703697,Analyst,Chicago,Research,R1
P550127,Engineer,Chicago,Logistics,L1
P990441,Officer,Chicago,Logistics,L1
P609687,Analyst,Chicago,Logistics,L1
P557233,Officer,Boston,Research,R1
P873684,Engineer,Chicago,Research,R2
P781005,Officer,Chicago,Research,R0
P443096,Officer,Boston,Logistics,L2
P434759,Engineer,Chicago,Research,R0
P425183,Analyst,Boston,Logistics,L2
P932486,Officer,Chicago,Research,R0
P594500,Analyst,Chicago,Logistics,L0
P350363,Engineer,Chicago,Research,R2
P126760,Analyst,Chicago,Logistics,L0
P961832,Officer,Chicago,Logistics,L0
P741409,Analyst,Boston,Research,R2
P858473,Officer,Boston,Research,R0
P868519,Analyst,Chicago,Research,R0
P461381,Officer,Chicago,Logistics,L1
P877567,Analyst,Boston,Research,R0
P772674,Analyst,Chicago,Research,R0
P273757,Engineer,Chicago,Logistics,L1
P857826,Analyst,Chicago,Logistics,L0
P939942,Engineer,Boston,Research,R2
P526548,Analyst,Chicago,Logistics,L0
P187475,Engineer,Chicago,Research,R1
P499044,Officer,Boston,Logistics,L0
P529583,Analyst,Chicago,Research,R0
P389157,Officer,Chicago,Logistics,L0
P745735,Analyst,Boston,Logistics,L1
P681199,Engineer,Chicago,Research,R1
P887366,Engineer,Boston,Research,R0
P726228,Officer,Chicago,Research,R0
P164090,Analyst,Chicago,Research,R0
P267500,Analyst,Boston,Logistics,L2
P432722,Analyst,Chicago,Logistics,L1
P332998,Engineer,Boston,Research,R2
P712055,Officer,Boston,Research,R1
P644502,Officer,Boston,Research,R1
P194510,Officer,Boston,Logistics,L2
P191924,Analyst,Chicago,Logistics,L2
P597435,Analyst,Chicago,Research,R0
P213093,Officer,Chicago,Research,R2
P647145,Officer,Boston,Research,R2
P940742,Analyst,Chicago,Logistics,L2
P323378,Officer,Boston,Logistics,L1
P605485,Analyst,Chicago,Logistics,L0
P599614,Engineer,Chicago,Research,R0
P230376,Analyst,Chicago,Research,R2
P598567,Analyst,Boston,Research,R0
P142633,Analyst,Boston,Logistics,L0
P794962,Engineer,Chicago,Research,R1
P717432,Officer,Boston,Research,R1
P825744,Engineer,Chicago,Logistics,L1
P716602,Officer,Boston,Research,R0
P895713,Analyst,Chicago,Logistics,L2
P990656,Analyst,Chicago,Logistics,L2
P899916,Officer,Boston,Research,R2
P590582,Officer,Chicago,Logistics,L2
P127784,Engineer,Chicago,Research,R1
P541458,Engineer,Boston,Logistics,L0
P522886,Engineer,Chicago,Logistics,L0
P151591,Officer,Chicago,Logistics,L0
P917464,Officer,Chicago,Logistics,L2
P293219,Analyst,Chicago,Research,R0
P411723,Analyst,Boston,Research,R2
P516906,Engineer,Chicago,Logistics,L0
P120196,Analyst,Chicago,Logistics,L2
P431169,Analyst,Chicago,Logistics,L1
P353529,Analyst,Chicago,Logistics,L1
P663816,Engineer,Boston,Research,R2
P274831,Engineer,Boston,Research,R2
P591569,Analyst,Boston,Logistics,L1
P328759,Analyst,Boston,Logistics,L1
P864515,Officer,Chicago,Logistics,L2
P400447,Analyst,Boston,Logistics,L1
P870021,Analyst,Boston,Logistics,L0
P635999,Analyst,Chicago,Research,R1
P876507,Officer,Chicago,Logistics,L2
P538866,Officer,Boston,Logistics,L0
P174645,Analyst,Boston,Research,R0
P815410,Officer,Boston,Logistics,L1
P764262,Analyst,Boston,Research,R0
P978394,Engineer,Chicago,Research,R0
P830787,Analyst,Chicago,Logistics,L1
P215408,Analyst,Chicago,Logistics,L1
P437389,Engineer,Chicago,Logistics,L2
P910271,Analyst,Chicago,Research,R2
P461807,Analyst,Boston,Logistics,L1
P754828,Officer,Boston,Research,R0
P410877,Analyst,Boston,Logistics,L2
P282677,Engineer,Boston,Research,R1
P197514,Officer,Chicago,Logistics,L1
P571304,Engineer,Chicago,Logistics,L1
P442750,Analyst,Boston,Logistics,L2
P980473,Analyst,Chicago,Logistics,L0
P806753,Officer,Chicago,Research,R0
P633170,Officer,Boston,Logistics,L0
P617225,Engineer,Boston,Logistics,L0
P781337,Officer,Boston,Logistics,L1
P151132,Officer,Chicago,Logistics,L0
P131385,Engineer,Chicago,Research,R2
P632663,Engineer,Boston,Logistics,L1
P530699,Engineer,Chicago,Logistics,L2
P970858,Analyst,Boston,Logistics,L1
P502487,Analyst,Chicago,Research,R0
P202519,Analyst,Boston,Research,R2
P237290,Analyst,Boston,Research,R0
P776345,Officer,Boston,Logistics,L2
P201174,Officer,Chicago,Logistics,L2
P424492,Engineer,Chicago,Research,R2
P976678,Engineer,Chicago,Research,R2
P273594,Analyst,Chicago,Logistics,L1
P136172,Officer,Boston,Logistics,L1
P981909,Engineer,Chicago,Logistics,L2
P217403,Engineer,Boston,Logistics,L1
P235550,Analyst,Chicago,Research,R0
P165065,Analyst,Chicago,Research,R2
P510535,Officer,Chicago,Research,R0
P895335,Analyst,Chicago,Research,R1
P320625,Officer,Boston,Research,R2
P740551,Officer,Boston,Logistics,L1
P981359,Engineer,Boston,Research,R1
P878610,Engineer,Boston,Logistics,L2
P372239,Analyst,Boston,Research,R2
P660062,Officer,Boston,Research,R1
P591323,Engineer,Boston,Logistics,L0
P602783,Analyst,Chicago,Research,R1
P148284,Engineer,Boston,Research,R1
P694536,Officer,Boston,Research,R1
P790479,Officer,Chicago,Research,R0
P794462,Analyst,Chicago,Research,R1
P292252,Analyst,Boston,Research,R2
P493261,Engineer,Chicago,Logistics,L1
P313534,Officer,Chicago,Research,R0
P481089,Analyst,Boston,Logistics,L0
P913134,Analyst,Boston,Logistics,L1
P831464,Officer,Boston,Research,R0
P643922,Engineer,Boston,Logistics,L1
P443211,Officer,Chicago,Research,R0
P200833,Analyst,Boston,Research,R0
P244427,Officer,Chicago,Logistics,L1
P460726,Officer,Chicago,Research,R1
P590732,Officer,Chicago,Research,R1
P920708,Analyst,Chicago,Logistics,L1
P541526,Officer,Chicago,Logistics,L1
P889037,Analyst,Boston,Logistics,L2
P659281,Engineer,Chicago,Research,R2
P234922,Analyst,Chicago,Logistics,L2
P280433,Analyst,Boston,Research,R0
P371505,Analyst,Boston,Logistics,L0
P309480,Officer,Boston,Research,R0
P508738,Engineer,Boston,Logistics,L0
P384334,Engineer,Boston,Research,R0
P979986,Officer,Boston,Logistics,L2
P456063,Analyst,Boston,Logistics,L1
P211217,Engineer,Boston,Logistics,L2
P902871,Analyst,Chicago,Logistics,L1
P451902,Officer,Chicago,Logistics,L2
P291943,Officer,Boston,Logistics,L2
P332613,Engineer,Chicago,Logistics,L1
P713558,Officer,Chicago,Research,R0
P189690,Officer,Chicago,Research,R2
P981304,Analyst,Chicago,Logistics,L1
P880502,Analyst,Boston,Logistics,L2
P256833,Engineer,Boston,Research,R1
P773698,Engineer,Chicago,Logistics,L0
P835527,Engineer,Boston,Research,R0
P283012,Analyst,Boston,Research,R1
P989268,Officer,Chicago,Logistics,L2
P849564,Analyst,Chicago,Research,R0
P274833,Engineer,Chicago,Logistics,L1
P572869,Analyst,Boston,Research,R0
P924281,Analyst,Boston,Logistics,L2
P421531,Engineer,Boston,Research,R2
P385234,Engineer,Chicago,Research,R0
P499650,Engineer,Chicago,Logistics,L2
P251419,Officer,Chicago,Logistics,L2
P445099,Officer,Chicago,Logistics,L1
P521875,Engineer,Boston,Logistics,L1
P994242,Engineer,Boston,Research,R0
P365903,Engineer,Chicago,Research,R0
P554194,Engineer,Boston,Logistics,L0
P157013,Officer,Chicago,Logistics,L2
P766971,Engineer,Boston,Research,R2
P951735,Officer,Boston,Research,R2
P841650,Officer,Chicago,Research,R1
P217796,Officer,Chicago,Logistics,L0
P435782,Officer,Boston,Research,R0
P178119,Analyst,Chicago,Research,R0
P724390,Engineer,Boston,Logistics,L0
P618094,Officer,Chicago,Logistics,L1
P999483,Analyst,Boston,Research,R2
P673183,Engineer,Boston,Logistics,L1
P834812,Officer,Chicago,Research,R2
P274351,Engineer,Chicago,Research,R1
P406351,Analyst,Chicago,Logistics,L1
P591093,Officer,Boston,Research,R0
P643400,Officer,Boston,Research,R1
P345370,Officer,Chicago,Research,R2
P523562,Analyst,Boston,Research,R2
P418972,Engineer,Boston,Research,R0
P266025,Engineer,Chicago,Logistics,L0
P737358,Analyst,Chicago,Research,R0
P412579,Engineer,Chicago,Logistics,L2
P821820,Officer,Boston,Logistics,L1
P556170,Engineer,Chicago,Research,R0
P438328,Engineer,Chicago,Research,R2
P122337,Engineer,Boston,Logistics,L0
P459507,Engineer,Boston,Logistics,L1
P529690,Officer,Chicago,Research,R0
P733502,Analyst,Chicago,Logistics,L0
P520470,Analyst,Boston,Logistics,L0
P767487,Engineer,Boston,Research,R1
P561037,Analyst,Chicago,Logistics,L0
P540142,Analyst,Chicago,Research,R0
P215517,Analyst,Chicago,Research,R1
P764170,Engineer,Chicago,Research,R0
P664956,Officer,Boston,Logistics,L2
P115433,Analyst,Chicago,Logistics,L2
P277874,Analyst,Chicago,Logistics,L2
P234357,Analyst,Boston,Logistics,L1
P702924,Officer,Boston,Research,R2
P230988,Analyst,Boston,Research,R1
P985487,Engineer,Chicago,Logistics,L0
P414651,Engineer,Chicago,Research,R0
P654870,Analyst,Boston,Research,R0
P619694,Analyst,Boston,Logistics,L2
P722684,Officer,Boston,Logistics,L1
P612535,Analyst,Chicago,Research,R2
P562072,Analyst,Boston,Research,R2
P305525,Officer,Boston,Research,R1
P651827,Analyst,Boston,Logistics,L2
P807270,Analyst,Chicago,Logistics,L0
P610724,Officer,Chicago,Research,R0
P653125,Analyst,Chicago,Logistics,L0
P337580,Analyst,Boston,Logistics,L2
P424099,Officer,Boston,Logistics,L0
P402620,Engineer,Boston,Logistics,L2
P231982,Engineer,Boston,Logistics,L0
P734600,Analyst,Boston,Research,R2
P647751,Analyst,Chicago,Research,R2
P176919,Analyst,Boston,Logistics,L0
P682799,Analyst,Boston,Logistics,L1
P389474,Officer,Boston,Logistics,L1
P532535,Officer,Chicago,Research,R0
P426089,Analyst,Boston,Research,R0
P430638,Engineer,Boston,Research,R0
P361463,Engineer,Chicago,Logistics,L0
P876330,Engineer,Chicago,Logistics,L1
P273298,Analyst,Chicago,Logistics,L2
P871488,Analyst,Boston,Logistics,L1
P969304,Engineer,Chicago,Logistics,L2
P615864,Officer,Chicago,Logistics,L2
P907636,Officer,Chicago,Research,R1
P411786,Officer,Chicago,Logistics,L2
P837800,Analyst,Chicago,Logistics,L2
P619468,Engineer,Chicago,Logistics,L2
P318014,Officer,Chicago,Research,R1
P881426,Officer,Boston,Logistics,L1
P953645,Analyst,Chicago,Research,R2
P444721,Analyst,Boston,Logistics,L1
P196695,Officer,Boston,Logistics,L1
P177218,Officer,Chicago,Research,R2
P558240,Officer,Chicago,Research,R2
P371609,Engineer,Chicago,Logistics,L0
P686506,Analyst,Boston,Research,R0
P651250,Engineer,Boston,Research,R1
P398717,Officer,Chicago,Logistics,L1
P188820,Analyst,Boston,Research,R0
P770051,Officer,Boston,Research,R1
P222199,Engineer,Chicago,Logistics,L1
P230238,Engineer,Chicago,Research,R2
P228379,Engineer,Boston,Logistics,L2
P976114,Analyst,Boston,Logistics,L1
P754270,Analyst,Boston,Research,R1
P275250,Engineer,Chicago,Research,R2
P915890,Officer,Chicago,Logistics,L0
P980460,Engineer,Chicago,Logistics,L0
P180946,Analyst,Boston,Logistics,L0
P765914,Analyst,Chicago,Logistics,L2
P153980,Analyst,Chicago,Logistics,L2
P445973,Analyst,Chicago,Research,R2
P693230,Analyst,Boston,Research,R2
P840192,Officer,Boston,Logistics,L2
P651303,Engineer,Boston,Research,R0
P831879,Analyst,Boston,Research,R0
P981433,Officer,Boston,Research,R1
P877050,Engineer,Chicago,Logistics,L2
P547579,Officer,Boston,Logistics,L2
P654426,Analyst,Boston,Research,R2
P755244,Engineer,Boston,Logistics,L0
P865863,Analyst,Boston,Logistics,L0
P918025,Engineer,Chicago,Logistics,L1
P473118,Officer,Chicago,Research,R1
P172249,Engineer,Chicago,Logistics,L2
P179431,Officer,Chicago,Logistics,L2
P503413,Engineer,Boston,Research,R2
P843720,Analyst,Boston,Logistics,L2
P574180,Officer,Chicago,Logistics,L1
P940670,Analyst,Chicago,Research,R1
P120267,Engineer,Chicago,Research,R1
P196827,Officer,Chicago,Logistics,L2
P579493,Officer,Boston,Logistics,L2
P399894,Engineer,Boston,Logistics,L0
P697262,Analyst,Chicago,Logistics,L0
P603934,Officer,Boston,Research,R0
P294986,Engineer,Boston,Research,R1
P733293,Engineer,Chicago,Logistics,L1
P343780,Engineer,Boston,Research,R2
P770112,Analyst,Boston,Logistics,L2
P720443,Analyst,Boston,Logistics,L2
P519379,Officer,Chicago,Logistics,L1
P928250,Analyst,Boston,Logistics,L2
P128709,Analyst,Chicago,Research,R1
P474028,Analyst,Boston,Logistics,L2
P830899,Officer,Chicago,Research,R1
P720994,Analyst,Boston,Research,R1
P727857,Analyst,Boston,Research,R2
P403308,Engineer,Chicago,Research,R2
P264772,Officer,Chicago,Research,R2
P317854,Analyst,Boston,Research,R2
P315700,Analyst,Chicago,Research,R2
P825362,Engineer,Chicago,Research,R1
P737823,Engineer,Boston,Logistics,L0
P439635,Analyst,Boston,Logistics,L1
P524592,Analyst,Chicago,Logistics,L2
P944248,Officer,Boston,Logistics,L0
P245877,Officer,Boston,Research,R0
P880754,Engineer,Chicago,Research,R0
P858785,Officer,Boston,Logistics,L1
P165719,Engineer,Boston,Research,R2
P766282,Analyst,Boston,Logistics,L1
P204548,Officer,Boston,Research,R1
P745042,Analyst,Chicago,Logistics,L2
P572745,Analyst,Chicago,Logistics,L1
P815167,Engineer,Boston,Logistics,L1
P959675,Engineer,Boston,Logistics,L2
P852086,Analyst,Boston,Logistics,L2
P875585,Analyst,Boston,Research,R1
P810566,Engineer,Boston,Research,R1
P615557,Officer,Chicago,Logistics,L2
P391642,Engineer,Chicago,Research,R2
P288755,Analyst,Boston,Research,R0
P512469,Officer,Boston,Logistics,L2
P412325,Analyst,Boston,Logistics,L1
P569627,Officer,Chicago,Research,R2
P785600,Officer,Chicago,Research,R0
P462141,Engineer,Boston,Logistics,L2
P569146,Engineer,Boston,Research,R2
P728022,Analyst,Chicago,Logistics,L1
P858747,Officer,Boston,Research,R1
P408593,Engineer,Boston,Logistics,L2
P312954,Engineer,Boston,Logistics,L0
P405979,Engineer,Chicago,Logistics,L0
P164934,Officer,Chicago,Research,R2
P739487,Engineer,Chicago,Research,R2
P691747,Officer,Boston,Research,R0
P434653,Analyst,Chicago,Logistics,L2
P411973,Analyst,Boston,Logistics,L0
P852571,Analyst,Chicago,Research,R2
P777973,Analyst,Chicago,Logistics,L1
P868137,Officer,Chicago,Logistics,L1
P991815,Analyst,Chicago,Logistics,L2
P318263,Analyst,Boston,Research,R2
P786911,Officer,Boston,Logistics,L2
P968204,Officer,Chicago,Logistics,L2
P379192,Engineer,Boston,Research,R0
P975972,Officer,Boston,Research,R0
P545226,Analyst,Boston,Logistics,L2
P380037,Analyst,Chicago,Research,R1
P949110,Analyst,Chicago,Logistics,L2
P112925,Engineer,Boston,Logistics,L2
P364606,Analyst,Boston,Research,R0
P474135,Officer,Chicago,Research,R1
P180585,Engineer,Chicago,Research,R1
P383693,Analyst,Boston,Research,R2
P789218,Officer,Boston,Research,R0
P615330,Officer,Boston,Research,R1
P978077,Analyst,Chicago,Research,R1
P120388,Officer,Boston,Research,R1
P507619,Analyst,Boston,Research,R1
P514491,Officer,Chicago,Logistics,L2
P857154,Officer,Chicago,Logistics,L0
P824305,Analyst,Chicago,Research,R2
P625965,Officer,Chicago,Research,R1
P423005,Engineer,Chicago,Research,R1
P898238,Analyst,Chicago,Logistics,L0
P935404,Officer,Chicago,Logistics,L1
P833759,Analyst,Chicago,Logistics,L0
P119194,Engineer,Chicago,Research,R0
P854138,Officer,Boston,Research,R0
P137378,Analyst,Chicago,Logistics,L2
P167623,Analyst,Chicago,Logistics,L0
P659897,Officer,Boston,Research,R2
P979229,Engineer,Chicago,Research,R1
P286458,Engineer,Boston,Research,R1
P546385,Engineer,Chicago,Logistics,L2
P551271,Analyst,Chicago,Research,R2
P243154,Analyst,Chicago,Logistics,L0
P841935,Engineer,Chicago,Research,R2
P724241,Analyst,Boston,Research,R0
P271860,Engineer,Boston,Logistics,L0
P246566,Engineer,Chicago,Logistics,L2
P899406,Officer,Chicago,Logistics,L2
P787840,Engineer,Boston,Logistics,L0
P952802,Engineer,Chicago,Logistics,L1
P709009,Officer,Chicago,Logistics,L0
P313971,Officer,Chicago,Research,R2
P338499,Engineer,Chicago,Research,R2
P345506,Officer,Boston,Research,R2
P381657,Officer,Chicago,Logistics,L2
P131616,Officer,Chicago,Research,R2
P439251,Officer,Boston,Research,R1
P913098,Analyst,Boston,Research,R2
P368917,Engineer,Boston,Logistics,L1
P725209,Officer,Boston,Logistics,L2
P607998,Analyst,Chicago,Research,R2
P981950,Analyst,Chicago,Logistics,L0
P466286,Officer,Chicago,Research,R0
P825159,Engineer,Boston,Logistics,L2
P452063,Officer,Chicago,Research,R1
P457073,Analyst,Chicago,Research,R2
P842478,Engineer,Chicago,Logistics,L2
P156475,Analyst,Chicago,Logistics,L1
P835645,Engineer,Boston,Research,R1
P157502,Analyst,Boston,Research,R1
P551380,Engineer,Boston,Logistics,L2
P319249,Engineer,Boston,Logistics,L2
P148259,Engineer,Boston,Research,R0
P737417,Engineer,Boston,Logistics,L1
P507295,Analyst,Boston,Research,R0
P415203,Engineer,Chicago,Logistics,L1
P695578,Analyst,Boston,Research,R2
P602179,Analyst,Boston,Research,R2
P925718,Analyst,Chicago,Research,R0
P533641,Engineer,Chicago,Logistics,L1
P682823,Analyst,Boston,Research,R1
P529584,Engineer,Boston,Logistics,L1
P311471,Engineer,Boston,Research,R2
P264180,Officer,Chicago,Logistics,L0
P377009,Analyst,Chicago,Research,R1
P200891,Analyst,Chicago,Logistics,L0
P567621,Analyst,Boston,Logistics,L0
P610914,Analyst,Chicago,Logistics,L0
P961567,Officer,Chicago,Research,R1
P537605,Officer,Chicago,Research,R2
P483521,Officer,Boston,Research,R2
P725088,Analyst,Boston,Research,R1
P567355,Analyst,Boston,Research,R0
P804693,Engineer,Chicago,Research,R0
P820178,Analyst,Chicago,Research,R1
P905570,Officer,Boston,Logistics,L0
P177844,Engineer,Boston,Logistics,L1
P671714,Analyst,Chicago,Research,R2
P642587,Officer,Chicago,Logistics,L0
P841972,Engineer,Boston,Logistics,L0
P309746,Engineer,Boston,Research,R0
P391452,Engineer,Chicago,Logistics,L1
P908541,Analyst,Boston,Research,R2
P126562,Officer,Chicago,Research,R1
P354430,Engineer,Chicago,Research,R1
P710521,Analyst,Chicago,Research,R0
P826105,Officer,Chicago,Logistics,L1
P206991,Officer,Chicago,Research,R0
P840150,Engineer,Chicago,Research,R1
P891608,Engineer,Boston,Logistics,L0
P521349,Analyst,Boston,Research,R1
P652344,Officer,Boston,Research,R0
P471358,Analyst,Chicago,Logistics,L0
P250381,Engineer,Chicago,Logistics,L0
P279662,Engineer,Chicago,Logistics,L0
P705358,Analyst,Chicago,Logistics,L0
P141808,Engineer,Boston,Research,R0
P982095,Officer,Boston,Logistics,L1
P231968,Analyst,Chicago,Logistics,L2
P862397,Officer,Chicago,Research,R1
P583454,Analyst,Boston,Logistics,L1
P701209,Engineer,Chicago,Logistics,L2
P257779,Officer,Chicago,Logistics,L2
P417573,Engineer,Chicago,Logistics,L1
P133084,Analyst,Chicago,Research,R2
P927419,Analyst,Boston,Logistics,L1
P245829,Analyst,Chicago,Logistics,L2
P624709,Officer,Chicago,Logistics,L0
P398749,Engineer,Chicago,Research,R0
P287941,Engineer,Boston,Research,R2
P746347,Officer,Boston,Logistics,L1
P584011,Analyst,Boston,Research,R2
P955988,Analyst,Chicago,Research,R0
P459138,Engineer,Boston,Logistics,L0
P598326,Officer,Boston,Research,R1
P250186,Officer,Chicago,Research,R1
P476211,Analyst,Boston,Research,R1
P610032,Officer,Chicago,Logistics,L1
P476307,Analyst,Chicago,Research,R2
P845814,Officer,Chicago,Research,R2
P203694,Engineer,Boston,Research,R1
P598239,Officer,Chicago,Research,R0
P454553,Analyst,Boston,Logistics,L0
P988276,Engineer,Boston,Logistics,L0
P942273,Analyst,Chicago,Logistics,L0
P396893,Officer,Boston,Research,R0
P425990,Engineer,Boston,Logistics,L1
P370076,Engineer,Boston,Research,R2
P583762,Engineer,Boston,Logistics,L0
P266750,Analyst,Boston,Research,R1
P994946,Analyst,Chicago,Research,R0
P927168,Officer,Chicago,Research,R0
P593642,Analyst,Boston,Logistics,L1
P467121,Engineer,Chicago,Logistics,L1
P951873,Analyst,Chicago,Research,R1
P368113,Analyst,Boston,Logistics,L0
P415342,Engineer,Boston,Research,R1
P869892,Analyst,Boston,Research,R1
P235240,Officer,Chicago,Research,R0
P512454,Analyst,Chicago,Research,R0
P773288,Analyst,Chicago,Logistics,L2
P342351,Officer,Boston,Research,R1
P267784,Officer,Chicago,Logistics,L2
P204764,Analyst,Chicago,Logistics,L2
P118690,Analyst,Boston,Logistics,L0
P330863,Officer,Boston,Research,R2
P741302,Analyst,Chicago,Logistics,L0
P154470,Officer,Boston,Research,R1
P256871,Analyst,Chicago,Logistics,L1
P512391,Engineer,Chicago,Research,R1
P684866,Officer,Chicago,Logistics,L0
P604268,Engineer,Boston,Research,R0
P376376,Officer,Boston,Research,R2
P854608,Analyst,Chicago,Research,R0
P438621,Analyst,Chicago,Logistics,L0
P642518,Officer,Boston,Logistics,L1
P456813,Engineer,Chicago,Logistics,L2
P797302,Engineer,Chicago,Research,R0
P831177,Officer,Chicago,Research,R0
P731862,Analyst,Chicago,Logistics,L2
P962505,Engineer,Chicago,Logistics,L1
P995383,Engineer,Boston,Research,R1
P856657,Engineer,Chicago,Logistics,L2
P183948,Officer,Boston,Research,R2
P480164,Analyst,Boston,Logistics,L2
P287843,Analyst,Chicago,Research,R0
P209019,Officer,Boston,Research,R2
P560025,Officer,Boston,Research,R2
P178165,Officer,Chicago,Logistics,L1
P853827,Analyst,Boston,Research,R1
P164253,Analyst,Chicago,Research,R1
P632415,Officer,Chicago,Research,R2
P448110,Engineer,Boston,Research,R0
P376846,Analyst,Boston,Research,R2
P568390,Analyst,Boston,Logistics,L2
P734533,Analyst,Chicago,Research,R1
P260523,Analyst,Boston,Research,R1
P308512,Engineer,Chicago,Logistics,L0
P522602,Analyst,Chicago,Logistics,L2
P636456,Officer,Boston,Logistics,L2
P811572,Engineer,Chicago,Research,R1
P170675,Analyst,Chicago,Logistics,L1
P946586,Officer,Chicago,Logistics,L2
P713388,Analyst,Chicago,Research,R0
P162410,Engineer,Boston,Logistics,L2
P459890,Officer,Chicago,Logistics,L0
P867265,Officer,Chicago,Research,R1
P929645,Analyst,Chicago,Research,R1
P633529,Analyst,Chicago,Research,R2
P235952,Analyst,Boston,Research,R1
P178439,Engineer,Boston,Logistics,L0
P346506,Officer,Boston,Logistics,L0
P163441,Analyst,Boston,Logistics,L2
P494152,Analyst,Boston,Research,R2
P912544,Officer,Boston,Logistics,L1
P178646,Officer,Chicago,Logistics,L1
P405859,Engineer,Boston,Research,R0
P463606,Officer,Boston,Logistics,L2
P168450,Officer,Boston,Research,R2
P828016,Engineer,Boston,Research,R0
P151618,Analyst,Chicago,Logistics,L0
P544170,Analyst,Boston,Logistics,L1
P949102,Engineer,Chicago,Research,R2
P124746,Officer,Chicago,Logistics,L1
P935475,Officer,Chicago,Research,R2
P353771,Engineer,Boston,Research,R0
P195287,Officer,Chicago,Research,R1
P885359,Engineer,Boston,Logistics,L1
P930598,Analyst,Chicago,Research,R0
P653743,Engineer,Boston,Research,R1
P444941,Officer,Chicago,Research,R0
P443350,Engineer,Boston,Research,R2
P840461,Engineer,Chicago,Logistics,L1
P382556,Officer,Chicago,Logistics,L0
P958307,Analyst,Chicago,Logistics,L1
P851828,Officer,Chicago,Logistics,L2
P421681,Engineer,Boston,Research,R0
P908626,Engineer,Chicago,Research,R0
P973057,Analyst,Boston,Research,R0
P605038,Engineer,Boston,Research,R1
P856452,Engineer,Boston,Logistics,L2
P241673,Engineer,Boston,Logistics,L1
P495221,Engineer,Boston,Research,R1
P905147,Analyst,Chicago,Research,R1
P434867,Engineer,Boston,Logistics,L1
P547283,Engineer,Boston,Research,R0
P713521,Analyst,Boston,Research,R1
P725360,Analyst,Boston,Logistics,L1
P765416,Officer,Chicago,Logistics,L0
P131314,Analyst,Chicago,Logistics,L2
P851161,Engineer,Chicago,Research,R0
P717768,Officer,Boston,Research,R1
P937729,Analyst,Boston,Research,R1
P772190,Engineer,Boston,Logistics,L2
P277549,Engineer,Boston,Logistics,L1
P848060,Engineer,Boston,Logistics,L0
P747403,Analyst,Chicago,Research,R2
P143979,Analyst,Chicago,Research,R0
P844442,Analyst,Boston,Research,R2
P117267,Engineer,Chicago,Logistics,L2
P330620,Analyst,Boston,Research,R1
P397677,Engineer,Boston,Research,R2
P733574,Engineer,Chicago,Logistics,L2
P920677,Engineer,Chicago,Logistics,L1
P882690,Officer,Chicago,Research,R1
P653772,Engineer,Chicago,Logistics,L0
P193298,Engineer,Chicago,Research,R0
P863493,Analyst,Chicago,Logistics,L2
P629982,Officer,Chicago,Research,R0
P389546,Engineer,Chicago,Research,R2
P375730,Engineer,Boston,Logistics,L1
P554922,Analyst,Boston,Logistics,L2
P826609,Officer,Boston,Research,R2
P683311,Officer,Boston,Logistics,L0
P615583,Analyst,Boston,Logistics,L1
P841077,Engineer,Boston,Logistics,L1
P561566,Officer,Boston,Logistics,L2
P653251,Engineer,Boston,Research,R1
P355098,Analyst,Chicago,Logistics,L0
P263961,Engineer,Boston,Research,R1
P963622,Officer,Boston,Research,R2
P155522,Analyst,Boston,Research,R2
P911507,Analyst,Chicago,Logistics,L0
P668800,Engineer,Boston,Logistics,L0
P274769,Analyst,Chicago,Logistics,L2
P224467,Officer,Boston,Logistics,L1
P942585,Analyst,Boston,Research,R0
P349348,Officer,Boston,Logistics,L1
P981598,Officer,Boston,Research,R2
P305934,Officer,Chicago,Logistics,L2
P703028,Analyst,Boston,Logistics,L0
P499271,Officer,Boston,Logistics,L0
P157705,Engineer,Chicago,Research,R2
P197520,Engineer,Chicago,Logistics,L2
P977522,Engineer,Boston,Logistics,L1
P255363,Officer,Boston,Logistics,L2
P324914,Analyst,Boston,Research,R1
P125558,Engineer,Chicago,Research,R2
P725805,Engineer,Boston,Research,R2
P143333,Analyst,Boston,Research,R1
P730802,Engineer,Chicago,Research,R2
P288170,Officer,Chicago,Logistics,L1
P370745,Analyst,Boston,Logistics,L0
P965851,Engineer,Boston,Research,R2
P432457,Engineer,Boston,Research,R2
P615568,Analyst,Chicago,Logistics,L1
P818003,Engineer,Chicago,Logistics,L2
P726365,Officer,Boston,Research,R1
P902880,Analyst,Boston,Research,R2
P538522,Officer,Chicago,Research,R2
P112852,Analyst,Boston,Research,R0
P135542,Analyst,Boston,Research,R0
P282009,Officer,Chicago,Logistics,L1
P488792,Engineer,Boston,Logistics,L1
P769265,Engineer,Chicago,Logistics,L2
P914055,Analyst,Chicago,Logistics,L2
P531049,Officer,Chicago,Research,R2
P295507,Officer,Chicago,Research,R1
P784057,Analyst,Boston,Logistics,L2
P427848,Engineer,Chicago,Research,R0
P287257,Officer,Chicago,Logistics,L2
P538093,Analyst,Chicago,Logistics,L0
P243166,Engineer,Boston,Logistics,L2
P727189,Officer,Chicago,Research,R1
P176832,Analyst,Boston,Research,R2
P126448,Engineer,Boston,Research,R1
P721882,Engineer,Chicago,Logistics,L0
P310015,Officer,Boston,Research,R2
P400920,Analyst,Chicago,Logistics,L1
P194046,Officer,Boston,Research,R2
P289402,Analyst,Chicago,Research,R2
P136798,Officer,Chicago,Logistics,L1
P332880,Analyst,Chicago,Research,R2
P587399,Officer,Boston,Logistics,L1
P216826,Engineer,Chicago,Logistics,L0
P692771,Analyst,Boston,Logistics,L0
P218752,Engineer,Boston,Logistics,L0
P800666,Officer,Chicago,Research,R0
P147027,Engineer,Chicago,Research,R1
P489262,Engineer,Chicago,Logistics,L0
P374881,Officer,Chicago,Research,R2
P941274,Officer,Boston,Research,R2
P682079,Engineer,Chicago,Logistics,L2
P649908,Analyst,Chicago,Research,R1
P782638,Engineer,Boston,Research,R1
P870696,Analyst,Chicago,Logistics,L1
P855997,Analyst,Boston,Logistics,L0
P950936,Engineer,Boston,Logistics,L0
P698169,Engineer,Boston,Research,R2
P476706,Officer,Boston,Logistics,L0
P295860,Analyst,Boston,Research,R1
P527044,Analyst,Chicago,Research,R2
P828463,Analyst,Boston,Logistics,L0
P292217,Engineer,Chicago,Research,R0
P664699,Officer,Chicago,Research,R2
P750145,Officer,Chicago,Research,R2
P915168,Engineer,Chicago,Logistics,L1
P840408,Engineer,Chicago,Research,R1
P741563,Officer,Chicago,Logistics,L1
P962200,Analyst,Chicago,Logistics,L1
P133037,Officer,Chicago,Logistics,L1
P175457,Officer,Chicago,Research,R1
P173159,Officer,Chicago,Logistics,L0
P466580,Analyst,Boston,Logistics,L1
P258441,Officer,Chicago,Research,R1
P338680,Analyst,Chicago,Research,R2
P511265,Officer,Chicago,Logistics,L1
P376066,Officer,Boston,Logistics,L2
P803126,Analyst,Chicago,Research,R0
P335397,Officer,Boston,Research,R0
P408525,Officer,Boston,Research,R2
P576666,Officer,Chicago,Research,R1
P291285,Engineer,Chicago,Research,R0
P821333,Officer,Chicago,Logistics,L1
P808273,Analyst,Boston,Logistics,L2
P481184,Officer,Chicago,Logistics,L0
P675739,Engineer,Chicago,Research,R1
P128999,Officer,Chicago,Logistics,L2
P388570,Engineer,Boston,Logistics,L2
P977750,Engineer,Boston,Logistics,L0
P508780,Analyst,Chicago,Research,R2
P268184,Officer,Boston,Research,R2
P749754,Officer,Chicago,Logistics,L0
P537225,Analyst,Chicago,Research,R1
P839365,Officer,Boston,Logistics,L2
P731013,Officer,Chicago,Research,R0
P181035,Officer,Chicago,Research,R1
P964925,Engineer,Chicago,Research,R1
P980008,Analyst,Chicago,Research,R0
P993114,Engineer,Boston,Research,R1
P986949,Officer,Chicago,Research,R0
P901787,Analyst,Chicago,Logistics,L2
P472403,Officer,Boston,Research,R2
P253568,Analyst,Chicago,Research,R0
P131322,Officer,Boston,Logistics,L1
P892493,Officer,Boston,Research,R2
P711797,Engineer,Boston,Logistics,L0
P729933,Analyst,Chicago,Logistics,L1
P971123,Analyst,Chicago,Logistics,L2
P739713,Analyst,Chicago,Logistics,L0
P170908,Engineer,Chicago,Research,R0
P001101,Supervisor,Chicago,Logistics,L1
P001102,Supervisor,Boston,Logistics,L2
P001100,Manager,Chicago,Logistics,L0
P001201,Supervisor,Boston,Research,R1
P001202,Supervisor,Chicago,Research,R2
P001200,Manager,Boston,Research,R0
P001300,Director,Boston,Corporate,Corporate
